Acetaldehyde	(E) 2-Butenal (Crotonaldehyde	CO	CO2	Ethylene (Ethene)	Ethanol	Crotyl Alcohol	H2	H2O
0.0	0.0	0.0	0.0	0.0	0.0	0.0	1.2688649847739262	0.0
0.0	0.0	0.0	0.0	0.0	0.0	0.0	0.0	0.9256273377635866
0.04150775423095917	0.0608095667647468	0.0	0.0	0.24347586429869159	0.044817656968251796	0.03879678083385714	0.0	0.0
0.030943995857057285	0.16797746366012856	0.0	0.0	0.29097226414968264	0.10346901373326557	0.1481306711230293	0.0	0.0
0.25093702971830983	0.0	1.0037441468560269	0.8865879421730477	0.4725624568549237	0.0	0.051871433785402314	0.0	0.0
0.42197640393392877	0.1369210790740801	0.0	0.0	0.0	0.1411443685534985	0.26939435639129017	0.0	0.0
0.0	0.0	0.0	0.0	0.0	0.48094289310601485	0.10938011811899087	0.0	0.0
0.02730164709844518	0.3565296408657704	0.0	0.0	0.0	0.0	0.11749548851379027	0.0	0.0
0.0	0.0	0.0	0.0	0.0	0.0	0.2916495320147751	0.0	0.0
