2buten1ol(crotyl alcohol),2butenalE(crotonaldehyde),2buteneE,13butadiene,acetaldehyde,acetone,diethylether,ethanol
8.130813081308132,30.003000300030003,3.4003400340034005,0.0,12.791279127912793,9.61096109610961,0.0,4.74047404740474
41.12411241124113,4.000400040004001,0.0,0.0,47.4947494749475,100.0,8.29082908290829,11.441144114411442
9.13091309130913,0.0,3.6003600360036003,95.1995199519952,0.0,0.0,0.0,0.0
0.0,0.0,47.84478447844785,0.0,0.0,0.0,0.0,0.0
100.0,0.0,2.1002100210021,0.0,0.0,0.0,0.0,0.0
3.2403240324032403,0.0,0.0,0.0,0.0,24.842484248424842,0.0,0.0
0.0,0.0,0.0,0.0,0.0,0.0,67.0967096709671,0.0
0.0,82.00820082008201,0.0,0.0,0.0,0.0,0.0,0.0
