2buten1ol(crotyl alcohol),2butenalE(crotonaldehyde),2buteneE,13butadiene,acetaldehyde,acetone,diethylether,ethanol
0.02055090301240215,0.058628793372906274,0.01177093547032987,0.0,0.04732060596401515,0.06378864734822748,0.0,0.02169374651156103
0.10394257464575354,0.007817172449720838,0.0,0.0,0.17570411080774664,0.6637072682985709,0.031187065622190337,0.05235790297305025
0.023078689360791094,0.0,0.012463343439172804,0.2233835097301003,0.0,0.0,0.0,0.0
0.0,0.0,0.16562398614722976,0.0,0.0,0.0,0.0,0.0
0.25275335697541096,0.0,0.007270283672850803,0.0,0.0,0.0,0.0,0.0
0.008190027768780193,0.0,0.0,0.0,0.0,0.16488137358272326,0.0,0.0
0.0,0.0,0.0,0.0,0.0,0.0,0.2523932729303679,0.0
0.0,0.16025203521927717,0.0,0.0,0.0,0.0,0.0,0.0
