CO,CO2,H2
0.0,0.0,1.7903104006677162
0.93649321850064,0.0840762229207563,0.0
0.0,0.7028782839653716,0.0
