Temp,Acetaldehyde Concentration(bar)
1.0,0.029949983527509053
2.0,0.034228552602867494
3.0,0.03850712167822593
4.0,0.04278569075358437
5.0,0.0470642598289428
6.0,0.05134282890430124
7.0,0.05562139797965968
8.0,0.059899967055018113
