Temp	Acetaldehyde Concentration(bar)
1.0	0.02994998352750906
2.0	0.0342285526028675
3.0	0.038507121678225946
4.0	0.042785690753584384
5.0	0.04706425982894282
6.0	0.05134282890430126
7.0	0.0556213979796597
8.0	0.05989996705501815
