Temp,Acetaldehyde Concentration Relative to CO
1.0,3.9050474908126636
2.0,3.9050474908126636
3.0,3.905047490812664
4.0,3.905047490812664
5.0,3.905047490812664
6.0,3.905047490812664
7.0,3.905047490812664
8.0,3.905047490812664
