Temp	Acetaldehyde Concentration Relative to CO
1.0	3.9050474908126644
2.0	3.9050474908126644
3.0	3.9050474908126653
4.0	3.9050474908126653
5.0	3.9050474908126653
6.0	3.9050474908126653
7.0	3.9050474908126653
8.0	3.9050474908126662
