time-s,2butenalE(crotonaldehyde)Percent,2buteneEPercent,13butadienePercent,acetonePercent,diethyletherPercent,ethanolPercent
5618.562,0.05449555179284109,0.09397154267866874,0.03663336155048257,0.11557470597966374,2.7829494528823058,0.10396732725262392
5638.531,0.05663444459594931,0.09665604033913813,0.03347081537431423,0.11553064647212416,3.160879034508541,0.1025891404462701
5658.5,0.05669346137450713,0.09741914398094335,0.03611491316784317,0.11966520917736291,2.2179201483503856,0.11159735597517206
