time-s,2butenalE(crotonaldehyde)Percent,2buteneEPercent,13butadienePercent,acetonePercent,diethyletherPercent,ethanolPercent
5618.562,0.05322542676528481,0.08644618868516116,0.035753768785136836,0.0964317929088163,2.2201734519955107,0.09112388260405277
5638.531,0.05541336665311111,0.08969689911192,0.0324048873486099,0.096769484152871,2.529288200910687,0.08954575247306999
5658.5,0.05547368251489354,0.09029649042739477,0.03519214654242092,0.1015202154831133,1.7604837744679027,0.09972128137929573
