time-s,2butenalE(crotonaldehyde)Percent,2buteneEPercent,13butadienePercent,acetonePercent,diethyletherPercent,ethanolPercent
5618.562,0.05351482915261109,0.05366714250743726,0.03496591026036535,0.0955484488815559,0.10668799697416957,0.1019648239564483
5638.531,0.05569140049162503,0.06355069787117988,0.03164022082440471,0.09651312532621192,0.09943020652097141,0.10055946674480509
5658.5,0.05575141555736406,0.06126817758838679,0.03442166576478468,0.10100535912894763,0.0986593779720861,0.10968235128371821
