time-s,2buten1ol(crotyl alcohol)Percent,2butenalE(crotonaldehyde)Percent,2buteneEPercent,13butadienePercent,acetaldehydePercent,acetonePercent,diethyletherPercent,ethanolPercent
5618.562,0.7647680093538748,0.05351482915261109,0.05366714250743726,0.03501782412984998,0.05468738024721452,0.09564031404254597,0.10668799697416957,0.1019648239564483
5638.531,0.7068421851122746,0.05569140049162503,0.06355069787117988,0.03168864818459846,0.06572461249205959,0.09660678006230626,0.09943020652097141,0.10055946674480509
5658.5,2.0220630822379593,0.05575141555736406,0.06126817758838679,0.03445594335719256,0.05541134721321586,0.10105977152278381,0.0986593779720861,0.10968235128371821
