time-s,2buten1ol(crotyl alcohol)Percent,2butenalE(crotonaldehyde)Percent,2buteneEPercent,13butadienePercent,acetaldehydePercent,acetonePercent,diethyletherPercent,ethanolPercent
5618.562,0.7231212652806838,0.02951076633841269,0.04959291552942772,0.02932750183906909,0.032851083736063116,0.0881061933063163,0.038676498725452965,1.7424413083027106
5638.531,0.9016388145429604,0.02951076633841269,0.04959291552942772,0.029634144814745217,0.032845459866633044,0.08809904041918815,0.038676498725452965,1.6046718832648408
5658.5,0.645608312070939,0.02951076633841269,0.04959291552942772,0.02942479837026245,0.03284347083336174,0.08810869404542968,0.038676498725452965,1.6109573883768389
