time-s,2butenalE(crotonaldehyde) Concentration Relative to CO,2buteneE Concentration Relative to CO,13butadiene Concentration Relative to CO,acetone Concentration Relative to CO,diethylether Concentration Relative to CO,ethanol Concentration Relative to CO
5618.562,7.203731270586021e-08,6.577555459893129e-07,1.7422968490555943e-06,4.840921610641766e-07,9.07346993234389e-09,2.5847535545759913e-07
5638.531,6.887778144683126e-08,6.70085773271909e-07,1.6693752171112741e-06,5.079689355981747e-07,8.375703220652367e-09,2.564334965275836e-07
5658.5,7.077350020224862e-08,6.212592775641794e-07,1.6133589847807869e-06,4.6529351634562237e-07,1.0945875173070964e-08,2.4700817052423125e-07
