time-s,2buten1ol(crotyl alcohol)Percent,2butenalE(crotonaldehyde)Percent,2buteneEPercent,13butadienePercent,acetaldehydePercent,acetonePercent,diethyletherPercent,ethanolPercent
5618.562,0.16760713691944126,0.05351482915261109,0.05366714250743726,0.03499836690865407,0.054688209469277646,0.09562473166813003,0.10492614263828164,0.1019648239564483
5638.531,0.27143068386960273,0.05569140049162503,0.06355069787117988,0.031658284825824265,0.06572205687523494,0.09656758730532694,0.09943020652097141,0.10055946674480509
5658.5,0.17434316510214123,0.05575141555736406,0.06126817758838679,0.03445510138129452,0.055417788316338604,0.10111889259856902,0.0986593779720861,0.10968235128371821
