time-s,2buten1ol(crotyl alcohol)Percent,2butenalE(crotonaldehyde)Percent,2buteneEPercent,13butadienePercent,acetaldehydePercent,acetonePercent,diethyletherPercent,ethanolPercent
5618.562,0.08096465561221976,0.02951076633841269,0.04959291552942772,0.029311952810962296,0.032850619873005846,0.08809738698150872,0.038676498725452965,0.09590755452533956
5638.531,0.08096465561221976,0.02951076633841269,0.04959291552942772,0.02961447250978547,0.032845087684799636,0.08808407830506162,0.038676498725452965,0.09590755452533956
5658.5,0.08096465561221976,0.02951076633841269,0.04959291552942772,0.02940818989178428,0.0328430873388288,0.08809905948206365,0.038676498725452965,0.09590755452533956
