time-s,2buten1ol(crotyl alcohol)Percent,2butenalE(crotonaldehyde)Percent,2buteneEPercent,13butadienePercent,acetaldehydePercent,acetonePercent,diethyletherPercent,ethanolPercent
5618.562,0.16760713691943288,0.05351482915261146,0.053667142507437364,0.03499836690865456,0.054688208151028594,0.0956247316681299,0.10668799697416988,0.10196482395644822
5638.531,0.2714306838695764,0.0556914004916256,0.06355069787117956,0.03165828482582484,0.06572205555123424,0.09656758730532622,0.09943020652097165,0.10055946674480526
5658.5,0.17434316510213133,0.05575141555736242,0.06126817758838729,0.034455101381295615,0.05541778699691419,0.10111889259856999,0.09865937797208608,0.10968235128371798
