time-s,2buten1ol(crotyl alcohol)Percent,2butenalE(crotonaldehyde)Percent,2buteneEPercent,13butadienePercent,acetaldehydePercent,acetonePercent,diethyletherPercent,ethanolPercent
5618.562,0.7647680093538763,0.053514829152611194,0.05366714250743735,0.03501782412985045,0.05468738024721465,0.09564031404254593,0.10668799697416988,0.10196482395644822
5638.531,0.7068421851122725,0.05569140049162525,0.06355069787117959,0.03168864818459903,0.06572461249205967,0.09660678006230564,0.09943020652097166,0.10055946674480527
5658.5,2.0220630822379513,0.05575141555736209,0.06126817758838731,0.034455943357193645,0.05541134721321571,0.10105977152278486,0.09865937797208608,0.10968235128371798
