time-s,2butenalE(crotonaldehyde) Concentration Relative to CO,2buteneE Concentration Relative to CO,13butadiene Concentration Relative to CO,acetone Concentration Relative to CO,diethylether Concentration Relative to CO,ethanol Concentration Relative to CO
5618.562,7.113794208230225e-08,6.520794633211792e-07,1.7274010519631538e-06,4.682154104039393e-07,2.0285802155323463e-08,2.525383099467962e-07
5638.531,6.801785690325391e-08,6.641550089382382e-07,1.6551016163792363e-06,4.912622829367756e-07,2.016694003331961e-08,2.5051800346722184e-07
5658.5,6.988990801068291e-08,6.158528264700026e-07,1.5996006829127666e-06,4.5002051103591055e-07,2.167252691203503e-08,2.4142662430913716e-07
