time-s,2butenalE(crotonaldehyde)Percent,2buteneEPercent,13butadienePercent,acetonePercent,diethyletherPercent,ethanolPercent
5618.562,0.7282444852945252,0.20207118803582702,0.18627065246091368,0.24493168085985728,2.282277247127403,0.12087778075175397
5638.531,0.7284076643689119,0.20348271328077225,0.18566516158128557,0.24506474304366818,2.5955504232917925,0.11969263024459334
5658.5,0.7284122553604547,0.20374795802329979,0.18616621897384789,0.24697928491307902,1.817948869209887,0.12748454286889693
