time-s,2butenalE(crotonaldehyde)Percent,2buteneEPercent,13butadienePercent,acetonePercent,diethyletherPercent,ethanolPercent
5618.562,0.054495551792841226,0.09397154263942266,0.036626264487097285,0.11557470597966334,2.7829494528821557,0.10396732725262395
5638.531,0.05663444459594949,0.09665604030552562,0.03346307961862284,0.11553064647212379,3.160879034508345,0.10258914044627013
5658.5,0.0566934613745073,0.097419143939981,0.03610680895798729,0.11966520917736252,2.21792014835029,0.11159735597517209
