time-s,2butenalE(crotonaldehyde)Percent,2buteneEPercent,13butadienePercent,acetonePercent,diethyletherPercent,ethanolPercent
5618.562,0.05449555179284112,0.0,0.0,0.0,0.0,0.0
5638.531,0.05663444459594927,0.0,0.0,0.0,0.0,0.0
5658.5,0.05669346137450924,0.0,0.0,0.0,0.0,0.0
