time-s,2buten1ol(crotyl alcohol)Percent,2butenalE(crotonaldehyde)Percent,2buteneEPercent,13butadienePercent,acetaldehydePercent,acetonePercent,diethyletherPercent,ethanolPercent
5618.562,1.8130495610921848,0.17778582466623466,0.43019521308558917,0.03978173047592848,0.055712973565425615,0.10310376686546116,0.7556046669897394,0.1019648239564503
5638.531,1.6426685722762746,0.17730172039122646,0.5127683597869963,0.035843895260970475,0.06661688448979211,0.109515037085688,0.7697560832350009,0.1005594667448074
5658.5,1.0689177250056094,0.17176800189298783,0.5580732253578925,0.038383478057647524,0.05647273267306675,0.1015296939355609,0.7599839265054498,0.10968235128372007
