time-s,2buten1ol(crotyl alcohol)Percent,2butenalE(crotonaldehyde)Percent,2buteneEPercent,13butadienePercent,acetaldehydePercent,acetonePercent,diethyletherPercent,ethanolPercent
5618.562,1.8001494689415967,0.17389781181987163,0.4201742046911039,0.03458769908752548,0.03452119633512291,0.0875122787889102,0.7536605202921597,0.09590755452534169
5638.531,1.6124907258366377,0.17305074668817375,0.5104717000845364,0.03399065254942898,0.03460348854820468,0.08531881625841757,0.7667134635569572,0.09590755452534173
5658.5,1.0609479430204976,0.16802826059998444,0.5491668906959586,0.03372053534274239,0.034590420265535174,0.08580848884871972,0.7575117624334609,0.09590755452534179
