time-s,2buten1ol(crotyl alcohol)Percent,2butenalE(crotonaldehyde)Percent,2buteneEPercent,13butadienePercent,acetaldehydePercent,acetonePercent,diethyletherPercent,ethanolPercent
5618.562,0.7647680093543758,0.05351482915261002,0.05366714250743748,0.03501782412985046,0.05468735896125832,0.09564031404254579,0.10668799697416988,0.10196482395644822
5638.531,0.7068421851127119,0.05569140049162372,0.06355069787117966,0.03168864818459905,0.06572459849213348,0.0966067800623055,0.09943020652097165,0.10055946674480526
5658.5,2.022063082242662,0.05575141555736069,0.0612681775883874,0.03445594335719367,0.05541133011172448,0.10105977152278471,0.09865937797208608,0.10968235128371798
