time-s,2buten1ol(crotyl alcohol)Percent,2butenalE(crotonaldehyde)Percent,2buteneEPercent,13butadienePercent,acetaldehydePercent,acetonePercent,diethyletherPercent,ethanolPercent
5618.562,1.800149469,0.173897812,0.420174205,0.034587699,0.034521196,0.087512279,0.75366052,0.095907555
5638.531,1.612490726,0.173050747,0.5104717,0.033990653,0.034603489,0.085318816,0.766713464,0.095907555
5658.5,1.060947943,0.168028261,0.549166891,0.033720535,0.03459042,0.085808489,0.757511762,0.095907555
