time-s,2butenalE(crotonaldehyde)Percent,2buteneEPercent,13butadienePercent,acetonePercent,diethyletherPercent,ethanolPercent
5618.562,0.053514829152611194,0.05366714250743735,0.03496591026036582,0.09554844888155588,0.10668799697416988,0.10196482395644822
5638.531,0.05569140049162525,0.06355069787117959,0.03164022082440528,0.09651312532621131,0.09943020652097166,0.10055946674480527
5658.5,0.05575141555736209,0.06126817758838731,0.03442166576478575,0.10100535912894869,0.09865937797208608,0.10968235128371798
