time-s,2buten1ol(crotyl alcohol)Percent,2butenalE(crotonaldehyde)Percent,2buteneEPercent,13butadienePercent,acetaldehydePercent,acetonePercent,diethyletherPercent,ethanolPercent
5618.562,0.1676071369194406,0.053514829152611194,0.05366714250743735,0.034998366908654543,0.054688209469277785,0.09562473166812999,0.10492614263828165,0.10196482395644822
5638.531,0.27143068386960356,0.05569140049162525,0.06355069787117959,0.031658284825824834,0.06572205687523502,0.09656758730532632,0.09943020652097166,0.10055946674480527
5658.5,0.17434316510213999,0.05575141555736209,0.06126817758838731,0.03445510138129561,0.05541778831633845,0.10111889259857007,0.09865937797208608,0.10968235128371798
