time-s,2buten1ol(crotyl alcohol) relative uncertainty,2butenalE(crotonaldehyde) relative uncertainty,2buteneE relative uncertainty,13butadiene relative uncertainty,acetaldehyde relative uncertainty,acetone relative uncertainty,diethylether relative uncertainty,ethanol relative uncertainty
5618.562,0.5065128581371361,0.5008701282067932,0.5024534379131179,0.5124821796484043,0.5041163104261377,0.5094229639222191,0.5014936405914435,0.5091151726427243
5638.531,0.5065128581370651,0.5008701282067943,0.5024534379131181,0.5129538305854519,0.5038665270767136,0.5089202141578857,0.5024730388527981,0.5091151726427243
5658.5,0.5065128581371319,0.5008701282067936,0.502453437913118,0.5141713735521247,0.5023947174851487,0.5094762337227365,0.5024049998482041,0.5111699188120462
