time-s,2butenalE(crotonaldehyde) Concentration Relative to CO,2buteneE Concentration Relative to CO,13butadiene Concentration Relative to CO,acetone Concentration Relative to CO,diethylether Concentration Relative to CO,ethanol Concentration Relative to CO
5618.562,5.504912961223172e-08,5.533174366958937e-07,1.5767338761631489e-06,3.917459733059331e-07,8.456188115468893e-09,2.3399929425560538e-07
5638.531,5.2634694102923314e-08,5.636946566156288e-07,1.510814234285642e-06,4.1106923495991127e-07,7.77852883846413e-09,2.321463543966602e-07
5658.5,5.408335540850836e-08,5.226174769524798e-07,1.4600793609328138e-06,3.7653427971066626e-07,1.0254266286712891e-08,2.2363553767121643e-07
