# molecules,'Acetaldehyde', '(E) 2-Butenal (Crotonaldehyde', 'CO', 'CO2', 'Ethylene (Ethene)', 'Ethanol', 'Crotyl Alcohol', 'H2', 'H2O'
ScaledConcentrations_Means,1.2467792267772688,0.19587975724042744,3.92473784837679,1.2602230329772703,0.2743235302804734,0.11371517176018804,0.030534534142633785,0.706762729206414,0.23761134195941394
ScaledConcentrations_StdDevs,0.4898409711636493,0.012201585092232344,0.0178456016443004,0.02833753215300506,0.008331729707328137,0.005293579667730948,0.0033575035560992053,0.0008718284327473277,0.009828069972374802
ScaledConcentrations_StdErrs,0.04312809270164587,0.0010742896653065188,0.001571217614165033,0.002494980586714481,0.0007335678972077182,0.0004660737016160608,0.00029561170489590503,7.676021337728328e-05,0.0008653133114609043
