CO	CO2	H2
0.0	0.0	1.7903104006677162
0.93649321850064	0.08441276865797806	0.0
0.0	0.7056918105729744	0.0
