Mass,CO,CO2,H2
1.0,0.0,0.0,424.7389898
2.0,0.0,0.0,19866.01128
12.0,781.7557194,1448.743046,0.0
16.0,263.7233818,1490.812764,0.0
22.0,0.0,266.3729108,0.0
28.0,12748.55137,1250.757966,0.0
29.0,150.7193134,12.55994278,0.0
44.0,0.0,10456.35237,0.0
45.0,0.0,124.4033088,0.0
46.0,0.0,41.1308037,0.0
