Mass,Ethylene (Ethene)
1.0,0.0
2.0,19.86799808
12.0,83.16550206
13.0,147.0941008
14.0,337.2745273
15.0,47.35142646
16.0,0.0
22.0,0.0
24.0,312.1445707
25.0,1043.163154
26.0,6961.991086
27.0,8073.078315
28.0,12748.55137
29.0,288.8786839
30.0,12.37627345
44.0,0.0
45.0,0.0
46.0,0.0
