Mass,CO,CO2,H2
1.0,0.0,0.0,2.138018466885719
2.0,0.0,0.0,100.0
12.0,6.132114125842048,13.85514751928736,0.0
16.0,2.0686537171634742,14.257483979568681,0.0
22.0,0.0,2.547474505203577,0.0
28.0,100.0,11.961704442827608,0.0
29.0,1.182246586499812,0.12011782250218869,0.0
44.0,0.0,100.0,0.0
45.0,0.0,1.1897390638529142,0.0
46.0,0.0,0.3933570928425015,0.0
