time-s,2buten1ol(crotyl alcohol)Percent,2butenalE(crotonaldehyde)Percent,13butadienePercent
5618.562,0.19215050300728576,16.693553438278656,0.3457800976910446
5638.531,0.19556245680969683,19.17660455512583,0.34071033973561327
5658.5,0.19236118064979202,17.381625060566996,0.3401950865048199
