time-s,2buten1ol(crotyl alcohol) Concentration Relative to CO,2butenalE(crotonaldehyde) Concentration Relative to CO,13butadiene Concentration Relative to CO
5618.562,0.00011474766885339975,-2.30393992920604e-06,-9.508762436565349e-06
5638.531,0.0001260343248061932,-2.5406742312331224e-06,-1.068916308014047e-05
5658.5,0.00011738122190905157,-2.3596979472088672e-06,-9.89729816952856e-06
