time-s,2buten1ol(crotyl alcohol)Percent,2butenalE(crotonaldehyde)Percent,13butadienePercent
5618.562,0.19173736616782386,0.053514829152611194,0.3454606377582249
5638.531,0.1951565430429269,0.05569140049162525,0.34040040470209676
5658.5,0.19194849725903865,0.05575141555736209,0.33988113929555963
