time-s,2buten1ol(crotyl alcohol) Concentration Relative to CO,2butenalE(crotonaldehyde) Concentration Relative to CO,13butadiene Concentration Relative to CO
5618.562,0.00011192850793748784,7.113794208230225e-08,-9.800021800853363e-06
5638.531,0.00012293786937396205,6.801785690325391e-08,-1.1009070906489599e-05
5658.5,0.00011449735893933183,6.988990801068291e-08,-1.0195242174964166e-05
