CO,CO2,Ethylene (Ethene)
0.0,0.0,63.32545620828447
100.0,11.961704442827608,100.0
0.0,100.0,0.0
