CO,CO2,Ethylene (Ethene)
0.0,0.0,0.29922737784089665
0.93649321850064,0.08441276865797806,0.4725230511671397
0.0,0.7056918105729744,0.0
