Temp,Acetaldehyde Concentration Relative to CO,(E) 2-Butenal (Crotonaldehyde Concentration Relative to CO,CO Concentration Relative to CO,CO2 Concentration Relative to CO,Ethylene (Ethene) Concentration Relative to CO,Ethanol Concentration Relative to CO,Crotyl Alcohol Concentration Relative to CO,H2 Concentration Relative to CO,H2O Concentration Relative to CO
176.8481,0.6915733315486415,0.5199065326728606,3.772644222033373,1.3411999466113407,0.39449326242221344,0.2380526837926829,-0.7689957255972233,0.7392420899471865,0.22385465742524072
176.8945,0.6950141076924692,0.5248282003316191,3.762169789825182,1.3374438178165853,0.3902467666404973,0.23951128756688592,-0.7736279826076075,0.7460877394626451,0.22555580165691913
176.8788,0.6938498795575957,0.5231628946798385,3.7657139403783786,1.3387147493268796,0.39168361973905025,0.2390177513760451,-0.7720606025415879,0.7437714313291829,0.2249801989750805
176.7941,0.6875689800019468,0.5141787297941327,3.7848342939997983,1.34557130339834,0.3994353049267992,0.23635517077960272,-0.7636047368351419,0.7312751702524712,0.22187487750044313
176.7974,0.6878136903742456,0.51452876219228,3.7840893451574047,1.3453041649280217,0.3991332912181827,0.23645890768595776,-0.7639341861483798,0.7317620375671511,0.22199586405140354
176.8505,0.6917513027284963,0.5201611016896953,3.772102441057079,1.341005664087472,0.39427361608867567,0.23812812881548753,-0.7692353250977633,0.7395961752669551,0.2239426476441213
176.9009,0.6954886975054124,0.5255070510431736,3.7607250405550867,1.3369257310862726,0.3896610430843972,0.23971247429436257,-0.7742669146090426,0.7470319669820215,0.22579044224059958
