# molecules 	Acetaldehyde	(E) 2-Butenal (Crotonaldehyde	CO	CO2	Ethylene (Ethene)	Ethanol	Crotyl Alcohol	H2	H2O
ScaledConcentrations_Means	0.6918657127726847	0.5203247532005105	3.771754153286619	1.3408807681792765	0.3941324148742594	0.23817662918728852	-0.7693893533481013	0.7398238015439402	0.22399921278483062
ScaledConcentrations_StdDevs	0.002975007832720306	0.0042554351759053815	0.009056537409051593	0.003247672071067908	0.003671659440839661	0.0012611566320202745	0.004005201243241142	0.005918972951819959	0.001470865061341166
ScaledConcentrations_StdErrs	0.0011244472676924537	0.0016084033136860056	0.0034230493891005374	0.0012275046628479674	0.0013877568256263164	0.00047667240180363494	0.0015138237771975401	0.002237161492490501	0.0005559347377774985
