Temp	Acetaldehyde Concentration Relative to CO	(E) 2-Butenal (Crotonaldehyde Concentration Relative to CO	CO Concentration Relative to CO	CO2 Concentration Relative to CO	Ethylene (Ethene) Concentration Relative to CO	Ethanol Concentration Relative to CO	Crotyl Alcohol Concentration Relative to CO	H2 Concentration Relative to CO	H2O Concentration Relative to CO
176.8481	0.691573331548643	0.5199065326728602	3.7726442220333714	1.3411999466113416	0.3944932624222154	0.23805268379268385	-0.7689957255972287	0.7392420899471825	0.2238546574252418
176.8945	0.6950141076924512	0.5248282003315944	3.762169789825208	1.337443817816605	0.39024676664049174	0.23951128756687723	-0.7736279826075504	0.7460877394626211	0.225555801656919
176.8788	0.6938498795575859	0.523162894679826	3.7657139403783955	1.3387147493268914	0.3916836197390475	0.23901775137604073	-0.7720606025415593	0.743771431329167	0.2249801989750815
176.7941	0.6875689800019622	0.5141787297941541	3.7848342939997806	1.345571303398323	0.39943530492680496	0.2363551707796108	-0.7636047368351951	0.731275170252495	0.22187487750044432
176.7974	0.687813690374264	0.514528762192301	3.7840893451573767	1.345304164928004	0.39913329121819013	0.2364589076859673	-0.763934186148439	0.731762037567171	0.22199586405140576
176.8505	0.6917513027284954	0.5201611016896917	3.7721024410570863	1.3410056640874748	0.39427361608867584	0.23812812881548692	-0.7692353250977595	0.7395961752669512	0.22394264764412236
176.9009	0.6954886975053914	0.525507051043146	3.7607250405551143	1.3369257310862952	0.38966104308439015	0.23971247429435294	-0.7742669146089771	0.7470319669819936	0.22579044224059946
